scope,paper_table,artifact,loss,instance,method,method_key,seed,iou,paper_iou,delta_iou,l1,mape,flip,encoder_params,decoder_params,total_params,evaluated_voxels,training_seconds,streamed_evaluation_seconds,render_and_flip_seconds,total_gpu_occupied_seconds,physical_gpu_id
3-of-4 public subset,Table 6,sdf-table6-l1-public-three,l1,armadillo,Grid-PEPS,grid_peps,0,0.9716882764958499,0.957,0.014688276495849917,0.0012928119234551397,5.21506656886422,0.06909657269716263,589824,16513,606337,134217728,3579.6326364199995,4.001208450001286,0.0744776899991848,3583.70832256,3
3-of-4 public subset,Table 6,sdf-table6-l1-public-three,l1,armadillo,Hash,hash,0,0.6622782004597949,0.761,-0.0987217995402051,0.042316969600203425,95.98982604559757,0.5477614998817444,589824,9601,599425,134217728,1152.3489330180018,4.754215408000164,0.07544018699991284,1157.178588613002,3
3-of-4 public subset,Table 6,sdf-table6-l1-public-three,l1,armadillo,LPE,lpe,0,0.9852778644062931,0.956,0.029277864406293097,0.0015816490432569701,2.8663796906165664,0.06301143765449524,589824,9601,599425,134217728,1167.2460368599986,4.408808004000093,0.053988711999409134,1171.7088335759981,2
3-of-4 public subset,Table 6,sdf-table6-l1-public-three,l1,armadillo,M-Grid,m_grid,0,0.9895386162354488,0.957,0.03253861623544885,0.0010131289853656119,2.057019544022036,0.05146048963069916,598016,8833,606849,134217728,1008.7520456860002,2.391893785999855,0.04939675800051191,1011.1933362300006,2
3-of-4 public subset,Table 6,sdf-table6-l1-public-three,l1,armadillo,M-Hash,m_hash,0,0.9782904781724182,0.957,0.021290478172418248,0.0015703577672040044,4.20435571487921,0.065987728536129,598016,8961,606977,134217728,1818.4584469949987,7.922210130000167,0.05818045100022573,1826.438837575999,3
3-of-4 public subset,Table 6,sdf-table6-l1-public-three,l1,armadillo,M-HashPEPS,m_hashpeps,0,0.9743448457211252,0.957,0.017344845721125268,0.0016495495628572438,4.879926254973923,0.06888256967067719,598016,12033,610049,134217728,3980.8445787829987,25.099667369999224,0.04909306499757804,4005.9933392179955,2
3-of-4 public subset,Table 6,sdf-table6-l1-public-three,l1,armadillo,M-PEPS,m_peps,0,0.9816258658917495,0.957,0.024625865891749532,0.0015957794553218777,3.630455064047132,0.061881840229034424,598016,11137,609153,134217728,1902.6037443990026,3.2148772809996444,0.05030561399689759,1905.8689272939991,3
3-of-4 public subset,Table 6,sdf-table6-l1-public-three,l1,armadillo,PE,pe,0,0.950230998819094,0.943,0.007230998819094059,0.0023704589483113823,8.929128922498016,0.115416020154953,0,12481,12481,134217728,906.4608307620001,3.07173486299871,0.049710650000633905,909.5822762749995,2
3-of-4 public subset,Table 6,sdf-table6-l1-public-three,l1,armadillo,TI-Grid,grid,0,0.9859714640662334,0.956,0.02997146406623341,0.0012719412178383098,2.724181027971117,0.057932619005441666,589824,9601,599425,134217728,1222.3720051960008,2.44602476900036,0.04844530099944677,1224.8664752660006,2
3-of-4 public subset,Table 6,sdf-table6-l1-public-three,l1,lucy,Grid-PEPS,grid_peps,0,0.9281017361319851,0.909,0.01910173613198507,0.0012721278625323408,3.929063886203543,,589824,16513,606337,134217728,3578.2573245420062,3.5935168550058734,2.0999868866056204e-07,3581.850841607011,3
3-of-4 public subset,Table 6,sdf-table6-l1-public-three,l1,lucy,Hash,hash,0,0.5670097338646541,0.779,-0.21199026613534588,0.04005824961584778,58.61787616762316,,589824,9601,599425,134217728,1152.3981230940044,4.688100699000643,1.5999830793589354e-07,1157.0862239530034,3
3-of-4 public subset,Table 6,sdf-table6-l1-public-three,l1,lucy,LPE,lpe,0,0.9118388873079549,0.904,0.0078388873079549,0.0020343172764233784,4.894828652723658,,589824,9601,599425,134217728,1165.676149422001,3.96180926499801,3.299974196124822e-07,1169.6379590169963,2
3-of-4 public subset,Table 6,sdf-table6-l1-public-three,l1,lucy,M-Grid,m_grid,0,0.9271359930349431,0.906,0.021135993034943068,0.001358112730925349,3.9098100132356906,,598016,8833,606849,134217728,1007.9910578710005,2.083505080998293,1.400003384333104e-07,1010.0745630919992,2
3-of-4 public subset,Table 6,sdf-table6-l1-public-three,l1,lucy,M-Hash,m_hash,0,0.8917540738648274,0.909,-0.017245926135172618,0.004022713871449094,5.727456374464043,,598016,8961,606977,134217728,1812.5416826,7.740302430996962,3.00002284348011e-07,1820.2819853309993,3
3-of-4 public subset,Table 6,sdf-table6-l1-public-three,l1,lucy,M-HashPEPS,m_hashpeps,0,0.9627406847135507,0.909,0.053740684713550646,0.0013972318265112148,2.102462547390807,,598016,12033,610049,134217728,3979.478387512001,24.742429309997533,9.000359568744898e-08,4004.220816912002,2
3-of-4 public subset,Table 6,sdf-table6-l1-public-three,l1,lucy,M-PEPS,m_peps,0,0.9300918801594265,0.909,0.021091880159426424,0.0014494925206518868,3.7379350149849415,,598016,11137,609153,134217728,1903.3297192600003,2.938249075996282,2.2000313038006425e-07,1906.2679685559997,3
3-of-4 public subset,Table 6,sdf-table6-l1-public-three,l1,lucy,PE,pe,0,0.7927433947952973,0.874,-0.08125660520470268,0.0031194211693787903,9.686146778679818,,0,12481,12481,134217728,906.5436851129998,2.8220029730000533,1.5999830793589354e-07,909.3656882459982,2
3-of-4 public subset,Table 6,sdf-table6-l1-public-three,l1,lucy,TI-Grid,grid,0,0.9553797096963722,0.906,0.049379709696372176,0.000822267903472019,2.2199474135268393,,589824,9601,599425,134217728,1222.7358507929966,2.0639598699999624,2.7000351110473275e-07,1224.7998109330001,2
3-of-4 public subset,Table 6,sdf-table6-l1-public-three,l1,thai-statue,Grid-PEPS,grid_peps,0,0.9673344997588116,0.93,0.037334499758811535,0.0013666785457672405,2.934815335911509,,589824,16513,606337,134217728,3588.8523306829957,3.5840545270039,1.9000435713678598e-07,3592.436385400004,2
3-of-4 public subset,Table 6,sdf-table6-l1-public-three,l1,thai-statue,Hash,hash,0,0.5871784047772903,0.747,-0.15982159522270967,0.048593258618265855,93.63221455000016,,589824,9601,599425,134217728,1169.1420409420025,4.228758959994593,2.5999906938523054e-07,1173.3708001619962,2
3-of-4 public subset,Table 6,sdf-table6-l1-public-three,l1,thai-statue,LPE,lpe,0,0.9493306199595632,0.925,0.024330619959563204,0.0017369923783157144,4.666088722780462,,589824,9601,599425,134217728,1147.4649239499995,4.03380417599692,2.400047378614545e-07,1151.4987283660012,3
3-of-4 public subset,Table 6,sdf-table6-l1-public-three,l1,thai-statue,M-Grid,m_grid,0,0.9331294399217919,0.928,0.005129439921791823,0.0015843117250030373,6.001753188907704,,598016,8833,606849,134217728,996.662276030991,2.0718319559964584,1.1999509297311306e-07,998.7341081069826,3
3-of-4 public subset,Table 6,sdf-table6-l1-public-three,l1,thai-statue,M-Hash,m_hash,0,0.9635991194288018,0.93,0.03359911942880178,0.0011146906067069412,3.2875921371245647,,598016,8961,606977,134217728,1836.535200063001,7.8933733999947435,2.3000029614195228e-07,1844.428573692996,2
3-of-4 public subset,Table 6,sdf-table6-l1-public-three,l1,thai-statue,M-HashPEPS,m_hashpeps,0,0.9510152411106638,0.93,0.021015241110663774,0.0009729815678864488,4.553185283203383,,598016,12033,610049,134217728,3911.401288766996,25.036606691995985,2.1999585442245007e-07,3936.437895678988,3
3-of-4 public subset,Table 6,sdf-table6-l1-public-three,l1,thai-statue,M-PEPS,m_peps,0,0.9657251009565859,0.93,0.035725100956585876,0.0009595398061274511,3.1182094936698315,,598016,11137,609153,134217728,1913.0686486880004,3.097607251002046,3.7000427255406976e-07,1916.1662563090067,2
3-of-4 public subset,Table 6,sdf-table6-l1-public-three,l1,thai-statue,PE,pe,0,0.8861202337863118,0.9,-0.01387976621368825,0.0018973324652654289,10.558958483394765,,0,12481,12481,134217728,894.0040473170084,2.810666071003652,1.799926394596696e-07,896.8147135680047,3
3-of-4 public subset,Table 6,sdf-table6-l1-public-three,l1,thai-statue,TI-Grid,grid,0,0.9455948923479648,0.927,0.018594892347964742,0.0016061616814031616,4.848726764450652,,589824,9601,599425,134217728,1210.8464363509993,2.0804337180015864,2.0999868866056204e-07,1212.9268702789996,3
3-of-4 public subset,Table 3,sdf-table3-mape-public-three,mape,armadillo,Grid-PEPS,grid_peps,0,0.9899492216889512,0.957,0.0329492216889512,0.001062305517502116,1.3838788680371252,,589824,16513,606337,134217728,3545.2959254430007,3.5564119959999516,2.5000008463393897e-07,3548.8523376890007,3
3-of-4 public subset,Table 3,sdf-table3-mape-public-three,mape,armadillo,Hash,hash,0,0.7492486589217395,0.637,0.11224865892173952,0.09671208664561594,26.775796514539014,,589824,9601,599425,134217728,1278.765328298001,4.577602407998711,2.6999987312592566e-07,1283.3429309759995,2
3-of-4 public subset,Table 3,sdf-table3-mape-public-three,mape,armadillo,Hash-PEPS,hash_peps,0,0.8844452723829673,0.788,0.0964452723829673,0.05170269354764537,17.179946306091985,,589824,16513,606337,134217728,2112.826873648999,14.985616644000402,3.2000025385059416e-07,2127.8124906129997,3
3-of-4 public subset,Table 3,sdf-table3-mape-public-three,mape,armadillo,LPE,lpe,0,0.9846463895465817,0.956,0.02864638954658172,0.001943871422288946,2.752706857390321,,589824,9601,599425,134217728,1153.6627374399995,4.62287799600017,1.9999970390927047e-07,1158.2856156359994,3
3-of-4 public subset,Table 3,sdf-table3-mape-public-three,mape,armadillo,M-Grid,m_grid,0,0.9868594259192383,0.956,0.030859425919238292,0.0006779554954444937,1.423235041704576,,598016,8833,606849,134217728,1013.7086495410003,2.0843805670010624,1.00000761449337e-07,1015.7930302080022,2
3-of-4 public subset,Table 3,sdf-table3-mape-public-three,mape,armadillo,M-Hash,m_hash,0,0.9897487552285853,0.957,0.032748755228585336,0.001035964290601498,1.8886670635212477,,598016,8961,606977,134217728,1840.745653169999,7.574869750998914,1.900007191579789e-07,1848.3205231109987,2
3-of-4 public subset,Table 3,sdf-table3-mape-public-three,mape,armadillo,M-HashPEPS,m_hashpeps,0,0.9877053056747621,0.957,0.03070530567476215,0.0011504965186968652,1.4339345087706195,,598016,12033,610049,134217728,3921.5724586459983,24.977544194000075,1.5999830793589354e-07,3946.5500029999967,3
3-of-4 public subset,Table 3,sdf-table3-mape-public-three,mape,armadillo,M-PEPS,m_peps,0,0.9948607710530484,0.957,0.037860771053048414,0.00141434687197117,1.3287217586582782,,598016,11137,609153,134217728,1905.5299165970027,2.8985817689972464,1.900007191579789e-07,1908.4284985560007,3
3-of-4 public subset,Table 3,sdf-table3-mape-public-three,mape,armadillo,PE,pe,0,0.8867888704740761,0.952,-0.0652111295259239,0.007049758631578631,7.420953915379271,,0,12481,12481,134217728,912.2183651220003,2.978354775999833,3.699988155858591e-07,915.1967202679989,2
3-of-4 public subset,Table 3,sdf-table3-mape-public-three,mape,armadillo,TI-Grid,grid,0,0.9477488312738648,0.955,-0.007251168726135182,0.0010855173610095816,3.1199448719777036,,589824,9601,599425,134217728,1228.2212044099997,2.0865027030013152,1.7999991541728377e-07,1230.307707293001,2
3-of-4 public subset,Table 3,sdf-table3-mape-public-three,mape,lucy,Grid-PEPS,grid_peps,0,0.9569297285517198,0.909,0.04792972855171973,0.0011722869549491033,1.3729287572687243,,589824,16513,606337,134217728,3451.955949015999,3.575348803999077,1.4999386621639132e-07,3455.531297969992,3
3-of-4 public subset,Table 3,sdf-table3-mape-public-three,mape,lucy,Hash,hash,0,0.7209266943574029,0.64,0.08092669435740285,0.07270357614563572,15.715744942644367,,589824,9601,599425,134217728,1173.287497297999,4.172710622999148,4.6000059228390455e-07,1177.4602083809987,2
3-of-4 public subset,Table 3,sdf-table3-mape-public-three,mape,lucy,Hash-PEPS,hash_peps,0,0.8554278531316052,0.876,-0.020572146868394814,0.04018242608452762,10.1641589447409,,589824,16513,606337,134217728,2111.2319541399993,14.908705116002238,4.1000021155923605e-07,2126.1406596660017,3
3-of-4 public subset,Table 3,sdf-table3-mape-public-three,mape,lucy,LPE,lpe,0,0.9494678129250237,0.902,0.04746781292502367,0.001963234781797236,1.8138679450122916,,589824,9601,599425,134217728,1153.8491127310044,4.455665993998991,1.899970811791718e-07,1158.3047789150005,3
3-of-4 public subset,Table 3,sdf-table3-mape-public-three,mape,lucy,M-Grid,m_grid,0,0.9414262328439416,0.902,0.03942623284394153,0.0019888456336091044,1.442214843934701,,598016,8833,606849,134217728,1013.3538443489997,2.081234934001259,1.6999911167658865e-07,1015.4350794530001,2
3-of-4 public subset,Table 3,sdf-table3-mape-public-three,mape,lucy,M-Hash,m_hash,0,0.9808220741449766,0.91,0.07082207414497654,0.000620233380750141,0.9134026702993789,,598016,8961,606977,134217728,1840.5122962479982,7.584842973999912,2.3000029614195228e-07,1848.0971394519984,2
3-of-4 public subset,Table 3,sdf-table3-mape-public-three,mape,lucy,M-HashPEPS,m_hashpeps,0,0.9747657636545198,0.91,0.0647657636545198,0.001194901427558512,1.0684847768448165,,598016,12033,610049,134217728,3919.8666203730027,25.200516509998124,1.9999424694105983e-07,3945.067137082995,3
3-of-4 public subset,Table 3,sdf-table3-mape-public-three,mape,lucy,M-PEPS,m_peps,0,0.9810971962213016,0.908,0.07309719622130162,0.0016522817703970444,1.3029953680691466,,598016,11137,609153,134217728,1905.5037482269981,3.0511796950013377,1.899970811791718e-07,1908.5549281119966,3
3-of-4 public subset,Table 3,sdf-table3-mape-public-three,mape,lucy,PE,pe,0,0.7431787449082802,0.893,-0.14982125509171984,0.0052381969952244554,4.266527504188171,,0,12481,12481,134217728,911.880363313001,2.7618013469982543,2.999986463692039e-07,914.6421649599979,2
3-of-4 public subset,Table 3,sdf-table3-mape-public-three,mape,lucy,TI-Grid,grid,0,0.86272639644674,0.904,-0.04127360355326004,0.001115657849349252,2.055339168281276,,589824,9601,599425,134217728,1227.1323218290017,2.101636671999586,3.1999661587178707e-07,1229.233958820998,2
3-of-4 public subset,Table 3,sdf-table3-mape-public-three,mape,thai-statue,Grid-PEPS,grid_peps,0,0.9616819673878664,0.93,0.03168196738786633,0.0017211399988620454,1.5980898032723452,,589824,16513,606337,134217728,3448.5275165670027,3.7149039750001975,1.5999830793589354e-07,3452.2424207020013,3
3-of-4 public subset,Table 3,sdf-table3-mape-public-three,mape,thai-statue,Hash,hash,0,0.6320989408565754,0.574,0.05809894085657541,0.10780302136470869,22.441155613227846,,589824,9601,599425,134217728,1175.5109393230014,4.5424162529961905,2.800006768666208e-07,1180.0533558559982,2
3-of-4 public subset,Table 3,sdf-table3-mape-public-three,mape,thai-statue,Hash-PEPS,hash_peps,0,0.8731035202795239,0.831,0.04210352027952391,0.04480041435102869,11.593777145260091,,589824,16513,606337,134217728,2108.792004185998,14.642777198998374,2.0999868866056204e-07,2123.434781594995,3
3-of-4 public subset,Table 3,sdf-table3-mape-public-three,mape,thai-statue,LPE,lpe,0,0.9555458298860497,0.925,0.030545829886049702,0.0016781045735688787,2.007661901889101,,589824,9601,599425,134217728,1150.2489580170004,3.996132344000216,2.00001522898674e-07,1154.2450905610021,3
3-of-4 public subset,Table 3,sdf-table3-mape-public-three,mape,thai-statue,M-Grid,m_grid,0,0.9344487726158237,0.924,0.010448772615823665,0.0010271595739244706,1.6110152679765577,,598016,8833,606849,134217728,1013.3104735849993,2.091157505994488,2.7000351110473275e-07,1015.4016313609973,2
3-of-4 public subset,Table 3,sdf-table3-mape-public-three,mape,thai-statue,M-Hash,m_hash,0,0.9734815548229043,0.93,0.04348155482290428,0.0011939559331612718,1.3717344799908964,,598016,8961,606977,134217728,1837.3652168490007,7.58190253200155,3.00002284348011e-07,1844.9471196810046,2
3-of-4 public subset,Table 3,sdf-table3-mape-public-three,mape,thai-statue,M-HashPEPS,m_hashpeps,0,0.9753074428451408,0.93,0.045307442845140766,0.0023366942248519086,1.7420185808731719,,598016,12033,610049,134217728,3916.5721289139983,25.04353853200155,3.4999538911506534e-07,3941.6156677959953,3
3-of-4 public subset,Table 3,sdf-table3-mape-public-three,mape,thai-statue,M-PEPS,m_peps,0,0.9756857412417963,0.93,0.04568574124179625,0.0020506219086923344,1.2555311663774462,,598016,11137,609153,134217728,1904.9534092790054,2.919967313995585,1.500011421740055e-07,1907.8733767430022,3
3-of-4 public subset,Table 3,sdf-table3-mape-public-three,mape,thai-statue,PE,pe,0,0.715091818188395,0.918,-0.20290818181160508,0.005100608314487368,5.4906039392821215,,0,12481,12481,134217728,910.6145380679955,2.7846397630055435,7.999915396794677e-08,913.3991779110002,2
3-of-4 public subset,Table 3,sdf-table3-mape-public-three,mape,thai-statue,TI-Grid,grid,0,0.8918929980602066,0.926,-0.034107001939793435,0.0009784873087301444,2.7490819914833016,,589824,9601,599425,134217728,1227.1985257279957,2.0727160629976424,1.7000274965539575e-07,1229.2712419609961,2
