schema_version,benchmark_kind,kernel,method,mode,implementation,isa,box,rocm_version,dtype,output_width,output_height,grid_width,grid_height,feature_dim,num_frequencies,selected_feature_dim,hidden_dim,hidden_layers,out_dim,activation,workload,warmup,iters,ms_per_iter,median_ms,p95_ms,mean_ms,stddev_ms,min_ms,max_ms,paper_reference_ms,paper_reference_source,parity_status,max_abs_error,mean_abs_error,git_sha,source_sha256,binary_sha256,binary,code_object_target,provenance,comparable_to_paper
2,integrated_paper_workload,fused_peps,,baseline,scalar_fp32,gfx1201,B,7.2.3,fp32,1024,1024,1024,1024,16,0,,64,3,3,gelu,1024x1024_rgb_grid1024_c16_l3_h64x3,,20,246.303200,,,,,,,,,passed,,,,,,,,W11_local_notebook,false
2,integrated_paper_workload,fused_peps,,peps,scalar_fp32,gfx1201,B,7.2.3,fp32,1024,1024,1024,1024,16,3,,64,3,3,gelu,1024x1024_rgb_grid1024_c16_l3_h64x3,,20,411.799900,,,,,,,,,passed,,,,,,,,W11_local_notebook,false
2,integrated_paper_workload,fused_peps,,pink,scalar_fp32,gfx1201,B,7.2.3,fp32,1024,1024,1024,1024,16,3,,64,3,3,gelu,1024x1024_rgb_grid1024_c16_l3_h64x3,,20,295.321700,,,,,,,,,passed,,,,,,,,W11_local_notebook,false
2,supplementary_microbenchmark,fused_peps,,first_layer_only,scalar_fp32,gfx1151,A,7.2,fp32,,,128,128,8,0,,64,1,64,relu,262144pts,,1000,2.3443,,,,,,,,,legacy_reported,,,,,,,,legacy_W11_notebook,false
2,supplementary_microbenchmark,wmma_mlp,,layer_only,rocwmma_tile,gfx1151,A,7.2,fp16,,,,,2048,0,,2048,1,2048,none,2048x2048x2048,,200,5.1521,,,,,,,,,legacy_reported,,,,,,,,legacy_W12_notebook,false
2,supplementary_microbenchmark,wmma_mlp,,layer_only,rocwmma_tile,gfx1151,A,7.2,fp16,,,,,64,0,,64,1,64,none,4096x64x64,,1000,0.0079,,,,,,,,,legacy_reported,,,,,,,,legacy_W12_notebook,false
2,supplementary_microbenchmark,wmma_mlp,,layer_only,rocwmma_tile,gfx1151,A,7.2,int8,,,,,2048,0,,2048,1,2048,none,2048x2048x2048,,200,3.9925,,,,,,,,,legacy_reported,,,,,,,,legacy_W12_notebook,false
2,supplementary_microbenchmark,wmma_mlp,,layer_only,rocwmma_tile,gfx1151,A,7.2,int8,,,,,64,0,,64,1,64,none,4096x64x64,,1000,0.0076,,,,,,,,,legacy_reported,,,,,,,,legacy_W12_notebook,false
2,supplementary_microbenchmark,fused_peps,,first_layer_only,scalar_fp32,gfx1201,B,7.2,fp32,,,128,128,8,0,,64,1,64,relu,262144pts,,1000,2.3928,,,,,,,,,legacy_reported,,,,,,,,legacy_W11_notebook,false
2,supplementary_microbenchmark,wmma_mlp,,layer_only,rocwmma_tile,gfx1201,B,7.2,fp16,,,,,2048,0,,2048,1,2048,none,2048x2048x2048,,200,1.5851,,,,,,,,,legacy_reported,,,,,,,,legacy_W12_notebook,false
2,supplementary_microbenchmark,wmma_mlp,,layer_only,rocwmma_tile,gfx1201,B,7.2.3,fp16,,,,,64,,,64,,,,4096x64x64,,1000,15.089600,,,,,,,,,passed,,,,,,,,W12_local_notebook,false
2,supplementary_microbenchmark,wmma_mlp,,layer_only,rocwmma_tile,gfx1201,B,7.2,int8,,,,,2048,0,,2048,1,2048,none,2048x2048x2048,,200,1.7046,,,,,,,,,legacy_reported,,,,,,,,legacy_W12_notebook,false
2,supplementary_microbenchmark,wmma_mlp,,layer_only,rocwmma_tile,gfx1201,B,7.2.3,int8,,,,,64,,,64,,,,4096x64x64,,1000,15.459200,,,,,,,,,passed,,,,,,,,W12_local_notebook,false
3,integrated_paper_workload,fused_peps,bi-grid,baseline,fused_rocwmma_fp16,gfx1201,aup-WRX90-WS-EVO,7.2.3,fp16,1024,1024,1024,1024,16,0,16,64,3,3,gelu,1024x1024_rgb_grid1024_c16_h64x3,30,100,42.304207,42.304207,42.773640,27.078659,16.863705,7.295043,42.851562,4.320000,arXiv:2604.24167v1,passed,1.3038516e-08,3.28794625e-10,db18b55d,64d6e66700bb6a595f512d763159b63964fe7e139dc596b662be7543e0b5b61a,5bb1652b1fedd7f466c4451d89a9c865e18fd1447bb1febfbd0f16732af57191,hip/build/fused_peps_gfx1201_db18b55d,gfx1201,clean_build:fused_peps_gfx1201_db18b55d;roc_obj_ls:gfx1201,false
3,integrated_paper_workload,fused_peps,grid-peps-3f,peps,fused_rocwmma_fp16,gfx1201,aup-WRX90-WS-EVO,7.2.3,fp16,1024,1024,1024,1024,16,3,112,64,3,3,gelu,1024x1024_rgb_grid1024_c16_h64x3,30,100,48.200451,48.200451,48.597263,42.430275,10.301837,17.344534,48.699223,5.470000,arXiv:2604.24167v1,passed,3.31550837e-07,9.33839663e-09,db18b55d,64d6e66700bb6a595f512d763159b63964fe7e139dc596b662be7543e0b5b61a,5bb1652b1fedd7f466c4451d89a9c865e18fd1447bb1febfbd0f16732af57191,hip/build/fused_peps_gfx1201_db18b55d,gfx1201,clean_build:fused_peps_gfx1201_db18b55d;roc_obj_ls:gfx1201,false
3,integrated_paper_workload,fused_peps,grid-pink-peps-3f,pink,fused_rocwmma_fp16,gfx1201,aup-WRX90-WS-EVO,7.2.3,fp16,1024,1024,1024,1024,16,3,44,64,3,3,gelu,1024x1024_rgb_grid1024_c16_h64x3,30,100,51.069656,51.069656,51.175591,51.078548,0.071367,50.724586,51.354431,4.860000,arXiv:2604.24167v1,passed,4.99421731e-07,1.24134392e-08,db18b55d,64d6e66700bb6a595f512d763159b63964fe7e139dc596b662be7543e0b5b61a,5bb1652b1fedd7f466c4451d89a9c865e18fd1447bb1febfbd0f16732af57191,hip/build/fused_peps_gfx1201_db18b55d,gfx1201,clean_build:fused_peps_gfx1201_db18b55d;roc_obj_ls:gfx1201,false
3,integrated_paper_workload,fused_peps,grid-pink-peps-4f,pink,fused_rocwmma_fp16,gfx1201,aup-WRX90-WS-EVO,7.2.3,fp16,1024,1024,1024,1024,16,4,46,64,3,3,gelu,1024x1024_rgb_grid1024_c16_h64x3,30,100,53.787079,53.787079,53.946590,53.828537,0.502309,53.393806,58.718681,4.990000,arXiv:2604.24167v1,passed,6.62170351e-07,2.01660703e-08,db18b55d,64d6e66700bb6a595f512d763159b63964fe7e139dc596b662be7543e0b5b61a,5bb1652b1fedd7f466c4451d89a9c865e18fd1447bb1febfbd0f16732af57191,hip/build/fused_peps_gfx1201_db18b55d,gfx1201,clean_build:fused_peps_gfx1201_db18b55d;roc_obj_ls:gfx1201,false
