"Correlation_Id","Dispatch_Id","Agent_Id","Queue_Id","Process_Id","Thread_Id","Grid_Size","Kernel_Id","Kernel_Name","Workgroup_Size","LDS_Block_Size","Scratch_Size","VGPR_Count","Accum_VGPR_Count","SGPR_Count","Counter_Name","Counter_Value","Start_Timestamp","End_Timestamp"
1,1,"Agent 1",1,2707535,2707535,512,7,"__amd_rocclr_copyBuffer",512,0,0,16,0,128,"MeanOccupancyPerCU",6.54782545e-02,577615169853023,577615169856791
1,1,"Agent 1",1,2707535,2707535,512,7,"__amd_rocclr_copyBuffer",512,0,0,16,0,128,"OccupancyPercent",2.04619545e-01,577615169853023,577615169856791
2,2,"Agent 1",1,2707535,2707535,512,7,"__amd_rocclr_copyBuffer",512,0,0,16,0,128,"MeanOccupancyPerCU",7.78693514e-02,577615169910391,577615169912595
2,2,"Agent 1",1,2707535,2707535,512,7,"__amd_rocclr_copyBuffer",512,0,0,16,0,128,"OccupancyPercent",2.43341723e-01,577615169910391,577615169912595
3,3,"Agent 1",1,2707535,2707535,512,7,"__amd_rocclr_copyBuffer",512,0,0,16,0,128,"MeanOccupancyPerCU",6.68836675e-02,577615170140504,577615170143870
3,3,"Agent 1",1,2707535,2707535,512,7,"__amd_rocclr_copyBuffer",512,0,0,16,0,128,"OccupancyPercent",2.09011461e-01,577615170140504,577615170143870
4,4,"Agent 1",1,2707535,2707535,512,7,"__amd_rocclr_copyBuffer",512,0,0,16,0,128,"MeanOccupancyPerCU",7.73755711e-02,577615170165792,577615170167916
4,4,"Agent 1",1,2707535,2707535,512,7,"__amd_rocclr_copyBuffer",512,0,0,16,0,128,"OccupancyPercent",2.41798660e-01,577615170165792,577615170167916
5,5,"Agent 1",1,2707535,2707535,512,7,"__amd_rocclr_copyBuffer",512,0,0,16,0,128,"MeanOccupancyPerCU",3.84905897e-02,577615170212400,577615170214123
5,5,"Agent 1",1,2707535,2707535,512,7,"__amd_rocclr_copyBuffer",512,0,0,16,0,128,"OccupancyPercent",1.20283093e-01,577615170212400,577615170214123
6,6,"Agent 1",1,2707535,2707535,512,7,"__amd_rocclr_copyBuffer",512,0,0,16,0,128,"MeanOccupancyPerCU",4.27167136e-02,577615170251653,577615170253377
6,6,"Agent 1",1,2707535,2707535,512,7,"__amd_rocclr_copyBuffer",512,0,0,16,0,128,"OccupancyPercent",1.33489730e-01,577615170251653,577615170253377
7,7,"Agent 1",1,2707535,2707535,512,7,"__amd_rocclr_copyBuffer",512,0,0,16,0,128,"MeanOccupancyPerCU",3.95554049e-02,577615170291659,577615170293382
7,7,"Agent 1",1,2707535,2707535,512,7,"__amd_rocclr_copyBuffer",512,0,0,16,0,128,"OccupancyPercent",1.23610640e-01,577615170291659,577615170293382
8,8,"Agent 1",1,2707535,2707535,4194304,17,"integrated_peps_wmma(_Float16 const*, float const*, WorkloadConfig, _Float16 const*, float const*, _Float16 const*, float const*, _Float16 const*, float const*, _Float16 const*, float const*, int, int, int, float*)",64,13312,0,56,0,128,"MeanOccupancyPerCU",8.963949,577615170910827,577615194929072
8,8,"Agent 1",1,2707535,2707535,4194304,17,"integrated_peps_wmma(_Float16 const*, float const*, WorkloadConfig, _Float16 const*, float const*, _Float16 const*, float const*, _Float16 const*, float const*, _Float16 const*, float const*, int, int, int, float*)",64,13312,0,56,0,128,"OccupancyPercent",28.012341,577615170910827,577615194929072
9,9,"Agent 1",1,2707535,2707535,4194304,17,"integrated_peps_wmma(_Float16 const*, float const*, WorkloadConfig, _Float16 const*, float const*, _Float16 const*, float const*, _Float16 const*, float const*, _Float16 const*, float const*, int, int, int, float*)",64,13312,0,56,0,128,"MeanOccupancyPerCU",8.969721,577615194957224,577615219032368
9,9,"Agent 1",1,2707535,2707535,4194304,17,"integrated_peps_wmma(_Float16 const*, float const*, WorkloadConfig, _Float16 const*, float const*, _Float16 const*, float const*, _Float16 const*, float const*, _Float16 const*, float const*, int, int, int, float*)",64,13312,0,56,0,128,"OccupancyPercent",28.030378,577615194957224,577615219032368
10,10,"Agent 1",1,2707535,2707535,4194304,17,"integrated_peps_wmma(_Float16 const*, float const*, WorkloadConfig, _Float16 const*, float const*, _Float16 const*, float const*, _Float16 const*, float const*, _Float16 const*, float const*, int, int, int, float*)",64,13312,0,56,0,128,"MeanOccupancyPerCU",8.971478,577615219057400,577615243038241
10,10,"Agent 1",1,2707535,2707535,4194304,17,"integrated_peps_wmma(_Float16 const*, float const*, WorkloadConfig, _Float16 const*, float const*, _Float16 const*, float const*, _Float16 const*, float const*, _Float16 const*, float const*, int, int, int, float*)",64,13312,0,56,0,128,"OccupancyPercent",28.035870,577615219057400,577615243038241
11,11,"Agent 1",1,2707535,2707535,4194304,17,"integrated_peps_wmma(_Float16 const*, float const*, WorkloadConfig, _Float16 const*, float const*, _Float16 const*, float const*, _Float16 const*, float const*, _Float16 const*, float const*, int, int, int, float*)",64,13312,0,56,0,128,"MeanOccupancyPerCU",8.958089,577615243062646,577615267083002
11,11,"Agent 1",1,2707535,2707535,4194304,17,"integrated_peps_wmma(_Float16 const*, float const*, WorkloadConfig, _Float16 const*, float const*, _Float16 const*, float const*, _Float16 const*, float const*, _Float16 const*, float const*, int, int, int, float*)",64,13312,0,56,0,128,"OccupancyPercent",27.994028,577615243062646,577615267083002
12,12,"Agent 1",1,2707535,2707535,4194304,17,"integrated_peps_wmma(_Float16 const*, float const*, WorkloadConfig, _Float16 const*, float const*, _Float16 const*, float const*, _Float16 const*, float const*, _Float16 const*, float const*, int, int, int, float*)",64,13312,0,56,0,128,"MeanOccupancyPerCU",8.971655,577615267105788,577615291116042
12,12,"Agent 1",1,2707535,2707535,4194304,17,"integrated_peps_wmma(_Float16 const*, float const*, WorkloadConfig, _Float16 const*, float const*, _Float16 const*, float const*, _Float16 const*, float const*, _Float16 const*, float const*, int, int, int, float*)",64,13312,0,56,0,128,"OccupancyPercent",28.036422,577615267105788,577615291116042
13,13,"Agent 1",1,2707535,2707535,4194304,17,"integrated_peps_wmma(_Float16 const*, float const*, WorkloadConfig, _Float16 const*, float const*, _Float16 const*, float const*, _Float16 const*, float const*, _Float16 const*, float const*, int, int, int, float*)",64,13312,0,56,0,128,"MeanOccupancyPerCU",8.964138,577615291207863,577615315254225
13,13,"Agent 1",1,2707535,2707535,4194304,17,"integrated_peps_wmma(_Float16 const*, float const*, WorkloadConfig, _Float16 const*, float const*, _Float16 const*, float const*, _Float16 const*, float const*, _Float16 const*, float const*, int, int, int, float*)",64,13312,0,56,0,128,"OccupancyPercent",28.012932,577615291207863,577615315254225
14,14,"Agent 1",1,2707535,2707535,4194304,17,"integrated_peps_wmma(_Float16 const*, float const*, WorkloadConfig, _Float16 const*, float const*, _Float16 const*, float const*, _Float16 const*, float const*, _Float16 const*, float const*, int, int, int, float*)",64,13312,0,56,0,128,"MeanOccupancyPerCU",8.960212,577615315307548,577615339355847
14,14,"Agent 1",1,2707535,2707535,4194304,17,"integrated_peps_wmma(_Float16 const*, float const*, WorkloadConfig, _Float16 const*, float const*, _Float16 const*, float const*, _Float16 const*, float const*, _Float16 const*, float const*, int, int, int, float*)",64,13312,0,56,0,128,"OccupancyPercent",28.000661,577615315307548,577615339355847
15,15,"Agent 1",1,2707535,2707535,4194304,17,"integrated_peps_wmma(_Float16 const*, float const*, WorkloadConfig, _Float16 const*, float const*, _Float16 const*, float const*, _Float16 const*, float const*, _Float16 const*, float const*, int, int, int, float*)",64,13312,0,56,0,128,"MeanOccupancyPerCU",8.967487,577615339390551,577615363400297
15,15,"Agent 1",1,2707535,2707535,4194304,17,"integrated_peps_wmma(_Float16 const*, float const*, WorkloadConfig, _Float16 const*, float const*, _Float16 const*, float const*, _Float16 const*, float const*, _Float16 const*, float const*, int, int, int, float*)",64,13312,0,56,0,128,"OccupancyPercent",28.023397,577615339390551,577615363400297
16,16,"Agent 1",1,2707535,2707535,4194304,17,"integrated_peps_wmma(_Float16 const*, float const*, WorkloadConfig, _Float16 const*, float const*, _Float16 const*, float const*, _Float16 const*, float const*, _Float16 const*, float const*, int, int, int, float*)",64,13312,0,56,0,128,"MeanOccupancyPerCU",8.967075,577615363433851,577615387584662
16,16,"Agent 1",1,2707535,2707535,4194304,17,"integrated_peps_wmma(_Float16 const*, float const*, WorkloadConfig, _Float16 const*, float const*, _Float16 const*, float const*, _Float16 const*, float const*, _Float16 const*, float const*, int, int, int, float*)",64,13312,0,56,0,128,"OccupancyPercent",28.022111,577615363433851,577615387584662
17,17,"Agent 1",1,2707535,2707535,4194304,17,"integrated_peps_wmma(_Float16 const*, float const*, WorkloadConfig, _Float16 const*, float const*, _Float16 const*, float const*, _Float16 const*, float const*, _Float16 const*, float const*, int, int, int, float*)",64,13312,0,56,0,128,"MeanOccupancyPerCU",8.967035,577615387623028,577615411700091
17,17,"Agent 1",1,2707535,2707535,4194304,17,"integrated_peps_wmma(_Float16 const*, float const*, WorkloadConfig, _Float16 const*, float const*, _Float16 const*, float const*, _Float16 const*, float const*, _Float16 const*, float const*, int, int, int, float*)",64,13312,0,56,0,128,"OccupancyPercent",28.021985,577615387623028,577615411700091
18,18,"Agent 1",1,2707535,2707535,4194304,17,"integrated_peps_wmma(_Float16 const*, float const*, WorkloadConfig, _Float16 const*, float const*, _Float16 const*, float const*, _Float16 const*, float const*, _Float16 const*, float const*, int, int, int, float*)",64,13312,0,56,0,128,"MeanOccupancyPerCU",8.976843,577615411734094,577615435808832
18,18,"Agent 1",1,2707535,2707535,4194304,17,"integrated_peps_wmma(_Float16 const*, float const*, WorkloadConfig, _Float16 const*, float const*, _Float16 const*, float const*, _Float16 const*, float const*, _Float16 const*, float const*, int, int, int, float*)",64,13312,0,56,0,128,"OccupancyPercent",28.052635,577615411734094,577615435808832
19,19,"Agent 1",1,2707535,2707535,4194304,17,"integrated_peps_wmma(_Float16 const*, float const*, WorkloadConfig, _Float16 const*, float const*, _Float16 const*, float const*, _Float16 const*, float const*, _Float16 const*, float const*, int, int, int, float*)",64,13312,0,56,0,128,"MeanOccupancyPerCU",8.971390,577615435867112,577615459981645
19,19,"Agent 1",1,2707535,2707535,4194304,17,"integrated_peps_wmma(_Float16 const*, float const*, WorkloadConfig, _Float16 const*, float const*, _Float16 const*, float const*, _Float16 const*, float const*, _Float16 const*, float const*, int, int, int, float*)",64,13312,0,56,0,128,"OccupancyPercent",28.035594,577615435867112,577615459981645
20,20,"Agent 1",1,2707535,2707535,4194304,17,"integrated_peps_wmma(_Float16 const*, float const*, WorkloadConfig, _Float16 const*, float const*, _Float16 const*, float const*, _Float16 const*, float const*, _Float16 const*, float const*, int, int, int, float*)",64,13312,0,56,0,128,"MeanOccupancyPerCU",9.025250,577615460033375,577615484173758
20,20,"Agent 1",1,2707535,2707535,4194304,17,"integrated_peps_wmma(_Float16 const*, float const*, WorkloadConfig, _Float16 const*, float const*, _Float16 const*, float const*, _Float16 const*, float const*, _Float16 const*, float const*, int, int, int, float*)",64,13312,0,56,0,128,"OccupancyPercent",28.203906,577615460033375,577615484173758
21,21,"Agent 1",1,2707535,2707535,4194304,17,"integrated_peps_wmma(_Float16 const*, float const*, WorkloadConfig, _Float16 const*, float const*, _Float16 const*, float const*, _Float16 const*, float const*, _Float16 const*, float const*, int, int, int, float*)",64,13312,0,56,0,128,"MeanOccupancyPerCU",8.985442,577615484223701,577615508418467
21,21,"Agent 1",1,2707535,2707535,4194304,17,"integrated_peps_wmma(_Float16 const*, float const*, WorkloadConfig, _Float16 const*, float const*, _Float16 const*, float const*, _Float16 const*, float const*, _Float16 const*, float const*, int, int, int, float*)",64,13312,0,56,0,128,"OccupancyPercent",28.079507,577615484223701,577615508418467
22,22,"Agent 1",1,2707535,2707535,4194304,17,"integrated_peps_wmma(_Float16 const*, float const*, WorkloadConfig, _Float16 const*, float const*, _Float16 const*, float const*, _Float16 const*, float const*, _Float16 const*, float const*, int, int, int, float*)",64,13312,0,56,0,128,"MeanOccupancyPerCU",8.995107,577615508466828,577615532510069
22,22,"Agent 1",1,2707535,2707535,4194304,17,"integrated_peps_wmma(_Float16 const*, float const*, WorkloadConfig, _Float16 const*, float const*, _Float16 const*, float const*, _Float16 const*, float const*, _Float16 const*, float const*, int, int, int, float*)",64,13312,0,56,0,128,"OccupancyPercent",28.109710,577615508466828,577615532510069
23,23,"Agent 1",1,2707535,2707535,512,7,"__amd_rocclr_copyBuffer",512,0,0,16,0,128,"MeanOccupancyPerCU",5.38618829e-02,577615532567707,577615532570312
23,23,"Agent 1",1,2707535,2707535,512,7,"__amd_rocclr_copyBuffer",512,0,0,16,0,128,"OccupancyPercent",1.68318384e-01,577615532567707,577615532570312
